_time;exchange;trading_pair;strategy;type;order_id;size;price;trade_volume;fee;;Sum Trades;PnL;;PnL Net;Date
2018-05-22T09:48:00,000+0000;btcde;btceur;BtcdeGdaxProvideLiquidity;buy;6AYZPR;0,47;6935,000000;-3279,000000;-13,220000;0,472800;;0,000000;-13,220000;-13,220000;22.05.2018
2018-05-22T10:26:00,000+0000;gdax;BTC-EUR;BtcdeGdaxProvideLiquidity;sell;f958250c-99f1-4160-ad9f-f85607b9a3ae;0,47;7010,010000;3314,010000;0,000000;-0,472800;0,000000;35,010000;-13,220000;21,790000;22.05.2018
2018-05-23T10:56:00,000+0000;btcde;btceur;BtcdeGdaxProvideLiquidity;buy;CUYV2Z;3,27;6643,000000;-21747,000000;-87,690000;3,273600;3,273600;35,010000;-100,910000;-65,900000;23.05.2018
2018-05-23T11:01:00,000+0000;gdax;BTC-EUR;BtcdeGdaxProvideLiquidity;sell;83b30747-57af-4562-97a1-8f9dd6720a63;3,27;6718,760000;21994,530000;0,000000;-3,273600;0,000000;282,540000;-100,910000;181,630000;23.05.2018
2018-05-23T18:05:00,000+0000;btcde;btceur;BtcdeGdaxProvideLiquidity;buy;GNHR7C;3,89;6369,000000;-24766,000000;-99,870000;3,888600;3,888600;282,540000;-200,780000;81,760000;23.05.2018
2018-05-23T18:26:00,000+0000;gdax;BTC-EUR;BtcdeGdaxProvideLiquidity;sell;e079a7c1-3fdd-49fd-83bc-26f1e2a5ad5d;3,89;6442,190000;25051,360000;0,000000;-3,888600;0,000000;567,900000;-200,780000;367,120000;23.05.2018
2018-05-24T10:00:00,000+0000;btcde;btceur;BtcdeGdaxProvideLiquidity;buy;H7GFHG;1,28;6233,000000;-7973,900000;-32,150000;1,279300;1,279300;567,900000;-232,930000;334,970000;24.05.2018
2018-05-24T10:01:00,000+0000;gdax;BTC-EUR;BtcdeGdaxProvideLiquidity;sell;7ba32770-b1bd-42b6-888a-5d3026768ad7;1,28;6300,020000;8059,510000;0,000000;-1,279300;0,000000;653,510000;-232,930000;420,580000;24.05.2018
2018-05-24T11:15:00,000+0000;btcde;btceur;BtcdeGdaxProvideLiquidity;buy;KX8TR5;0,32;6219,000000;-1980,000000;-7,990000;0,318400;0,318400;653,510000;-240,920000;412,590000;24.05.2018
2018-05-24T11:16:00,000+0000;gdax;BTC-EUR;BtcdeGdaxProvideLiquidity;sell;ca2bf83e-2a65-4253-958a-de7e54a2d378;0,32;6289,010000;2002,620000;0,000000;-0,318400;0,000000;676,130000;-240,920000;435,210000;24.05.2018
2018-05-24T11:20:00,000+0000;btcde;btceur;BtcdeGdaxProvideLiquidity;buy;3UWAFD;3,97;6228,000000;-24713,000000;-99,650000;3,968000;3,968000;676,130000;-340,570000;335,560000;24.05.2018
2018-05-24T11:21:00,000+0000;gdax;BTC-EUR;BtcdeGdaxProvideLiquidity;sell;7e200ee4-e3a4-45f5-b7a9-ab7fdddded4c;3,97;6306,970000;25026,060000;0,000000;-3,968000;0,000000;989,190000;-340,570000;648,620000;24.05.2018
2018-05-27T07:08:00,000+0000;btcde;btceur;BtcdeGdaxProvideLiquidity;buy;KXRC6V;1,06;6222,000000;-6582,300000;-26,540000;1,057900;1,057900;989,190000;-367,110000;622,080000;27.05.2018
2018-05-27T07:41:00,000+0000;gdax;BTC-EUR;BtcdeGdaxProvideLiquidity;sell;d7f170e3-ab4b-4634-ab10-b7a3cd7c9ead;1,06;6287,010000;6650,830000;0,000000;-1,057900;0,000000;1057,720000;-367,110000;690,610000;27.05.2018
2018-05-27T12:46:00,000+0000;btcde;btceur;BtcdeGdaxProvideLiquidity;buy;SFBUGC;3,97;6232,000000;-24729,000000;-99,710000;3,968000;3,968000;1057,720000;-466,820000;590,900000;27.05.2018
2018-05-27T14:43:00,000+0000;gdax;BTC-EUR;BtcdeGdaxProvideLiquidity;sell;d27b06c7-30c3-4c07-9b9f-43fcebc9f37d;3,97;6297,790000;24989,630000;0,000000;-3,968000;0,000000;1318,350000;-466,820000;851,530000;27.05.2018
2018-05-28T06:28:00,000+0000;btcde;btceur;BtcdeGdaxProvideLiquidity;buy;KT9C9H;0,5;6113,000000;-3032,000000;-12,230000;0,496000;0,496000;1318,350000;-479,050000;839,300000;28.05.2018
2018-05-28T07:03:00,000+0000;gdax;BTC-EUR;BtcdeGdaxProvideLiquidity;sell;155252bf-6c34-4686-9083-9d7c42d83944;0,5;6180,810000;3065,680000;0,000000;-0,496000;0,000000;1352,030000;-479,050000;872,980000;28.05.2018
2018-05-28T11:42:00,000+0000;btcde;btceur;BtcdeGdaxProvideLiquidity;buy;HFG7XN;0,5;6138,000000;-3076,000000;-12,400000;0,501200;0,501200;1352,030000;-491,450000;860,580000;28.05.2018
2018-05-28T11:45:00,000+0000;gdax;BTC-EUR;BtcdeGdaxProvideLiquidity;sell;68df01da-ab89-450e-8131-ce012f2053b8;0,5;6201,120000;3108,020000;0,000000;-0,501200;0,000000;1384,050000;-491,450000;892,600000;28.05.2018
2018-05-28T12:20:00,000+0000;btcde;btceur;BtcdeGdaxProvideLiquidity;buy;A859FN;2,22;6154,000000;-13682,000000;-55,170000;2,223200;2,223200;1384,050000;-546,620000;837,430000;28.05.2018
2018-05-28T12:22:00,000+0000;gdax;BTC-EUR;BtcdeGdaxProvideLiquidity;sell;8f79a9ef-5c65-463a-80dc-3893dd54aa3b;2,22;6224,590000;13838,300000;0,000000;-2,223200;0,000000;1540,350000;-546,620000;993,730000;28.05.2018
2018-05-28T20:51:00,000+0000;btcde;btceur;BtcdeGdaxProvideLiquidity;buy;FFUEMA;0,32;6153,000000;-1981,000000;-7,990000;0,321900;0,321900;1540,350000;-554,610000;985,740000;28.05.2018
2018-05-28T22:15:00,000+0000;gdax;BTC-EUR;BtcdeGdaxProvideLiquidity;sell;7c6044cd-c944-44c8-98cd-85099eda8662;0,24;6132,160000;1452,770000;-4,360000;-0,236900;0,085000;1540,350000;-558,970000;981,380000;28.05.2018
2018-05-28T22:15:00,000+0000;gdax;BTC-EUR;BtcdeGdaxProvideLiquidity;sell;b9f658d6-1698-4f62-a862-5b238d52de6e;0,09;6222,200000;528,850000;0,000000;-0,085000;0,000000;1540,970000;-558,970000;982,000000;28.05.2018
2018-05-31T13:49:00,000+0000;btcde;btceur;BtcdeGdaxProvideLiquidity;buy;DZ622V;2,79;6403,000000;-17868,000000;-72,050000;2,790500;2,790500;1540,970000;-631,020000;909,950000;31.05.2018
2018-05-31T13:56:00,000+0000;gdax;BTC-EUR;BtcdeGdaxProvideLiquidity;sell;c9e06405-90e4-475c-9b36-ddc570137fbe;2,79;6468,090000;18049,180000;0,000000;-2,790500;0,000000;1722,150000;-631,020000;1091,130000;31.05.2018
2018-05-31T14:50:00,000+0000;btcde;btceur;BtcdeGdaxProvideLiquidity;buy;D88ZYZ;3,01;6397,000000;-19228,000000;-77,530000;3,005800;3,005800;1722,150000;-708,550000;1013,600000;31.05.2018
2018-05-31T14:54:00,000+0000;gdax;BTC-EUR;BtcdeGdaxProvideLiquidity;sell;4a9a90de-5246-4246-94aa-e5aee179f702;3,01;6464,360000;19430,310000;0,000000;-3,005800;0,000000;1924,460000;-708,550000;1215,910000;31.05.2018
2018-06-01T08:40:00,000+0000;btcde;btceur;BtcdeGdaxProvideLiquidity;buy;5CFUET;2,98;6417,000000;-19097,000000;-77,000000;2,976000;2,976000;1924,460000;-785,550000;1138,910000;01.06.2018
2018-06-01T08:53:00,000+0000;gdax;BTC-EUR;BtcdeGdaxProvideLiquidity;sell;bc9923f9-c4ad-4b15-bcf6-cb6cdd9edf05;2,98;6495,290000;19329,980000;0,000000;-2,976000;0,000000;2157,440000;-785,550000;1371,890000;01.06.2018
2018-06-02T10:10:00,000+0000;btcde;btceur;BtcdeGdaxProvideLiquidity;buy;ZXB9A4;0,2;6510,000000;-1292,000000;-5,210000;0,198400;0,198400;2157,440000;-790,760000;1366,680000;02.06.2018
2018-06-02T10:34:00,000+0000;gdax;BTC-EUR;BtcdeGdaxProvideLiquidity;sell;213c43fe-814b-4b3d-9fad-62c2500ef7fd;0,2;6584,300000;1306,330000;0,000000;-0,198400;0,000000;2171,770000;-790,760000;1381,010000;02.06.2018
2018-06-05T21:29:00,000+0000;btcde;btceur;BtcdeGdaxProvideLiquidity;buy;QCU4SP;1,53;6430,000000;-9815,400000;-39,580000;1,526500;1,526500;2171,770000;-830,340000;1341,430000;05.06.2018
2018-06-05T21:29:00,000+0000;gdax;BTC-EUR;BtcdeGdaxProvideLiquidity;sell;a47be30f-9351-41f4-bb4c-c13466b553f3;1,53;6498,400000;9919,820000;0,000000;-1,526500;0,000000;2276,190000;-830,340000;1445,850000;05.06.2018
2018-06-09T23:49:00,000+0000;btcde;btceur;BtcdeGdaxProvideLiquidity;buy;6QERXM;0,24;6449,000000;-1577,000000;-6,360000;0,244600;0,244600;2276,190000;-836,700000;1439,490000;09.06.2018
2018-06-09T23:49:00,000+0000;gdax;BTC-EUR;BtcdeGdaxProvideLiquidity;sell;1e9878e0-a432-4852-a2f8-510fd1fbd02a;0,24;6427,290000;1571,840000;-4,720000;-0,244600;0,000000;2271,030000;-841,420000;1429,610000;09.06.2018
2018-06-10T10:05:00,000+0000;btcde;btceur;BtcdeGdaxProvideLiquidity;buy;YKP8QD;0,1;6119,000000;-607,000000;-2,450000;0,099200;0,099200;2271,030000;-843,870000;1427,160000;10.06.2018
2018-06-10T11:11:00,000+0000;gdax;BTC-EUR;BtcdeGdaxProvideLiquidity;sell;0c0b8fa2-09be-43dc-8257-a689020361e4;0,1;6180,020000;613,060000;0,000000;-0,099200;0,000000;2277,090000;-843,870000;1433,220000;10.06.2018
2018-06-14T14:07:00,000+0000;btcde;btceur;BtcdeGdaxProvideLiquidity;buy;T6RNSW;3,97;5430,000000;-21546,000000;-86,880000;3,968000;3,968000;2277,090000;-930,750000;1346,340000;14.06.2018
2018-06-14T14:07:00,000+0000;gdax;BTC-EUR;BtcdeGdaxProvideLiquidity;sell;46d723b2-0834-4fff-a190-b67823fd417a;3,97;5501,000000;21827,970000;0,000000;-3,968000;0,000000;2559,060000;-930,750000;1628,310000;14.06.2018
2018-06-14T14:07:00,000+0000;gdax;BTC-EUR;BtcdeGdaxProvideLiquidity;sell;977e141c-b6b3-486b-b181-c69e69dccb5a;0,28;5613,120000;1559,100000;0,000000;-0,277800;-0,277800;2559,060000;-930,750000;1628,310000;14.06.2018
2018-06-16T17:15:00,000+0000;btcde;btceur;BtcdeGdaxProvideLiquidity;buy;5UFVC9;0,28;5556,000000;-1543,000000;-6,220000;0,277800;0,000000;2575,160000;-936,970000;1638,190000;16.06.2018
2018-06-24T07:20:00,000+0000;btcde;btceur;BtcdeGdaxProvideLiquidity;buy;4K4G5A;1,29;5005,000000;-6454,400000;-26,030000;1,289600;1,289600;2575,160000;-963,000000;1612,160000;24.06.2018
2018-06-24T10:01:00,000+0000;gdax;BTC-EUR;BtcdeGdaxProvideLiquidity;sell;36923fbe-4069-4376-b966-a032237997ed;1,29;5060,210000;6525,650000;0,000000;-1,289600;0,000000;2646,410000;-963,000000;1683,410000;24.06.2018
2018-06-24T10:13:00,000+0000;btcde;btceur;BtcdeGdaxProvideLiquidity;buy;DRVVKD;4,95;5007,350000;-24787,000000;-99,950000;4,950100;4,950100;2646,410000;-1062,950000;1583,460000;24.06.2018
2018-06-24T10:38:00,000+0000;btcde;btceur;BtcdeGdaxProvideLiquidity;buy;CRSAG4;2,7;5012,000000;-13523,000000;-54,530000;2,698200;7,648300;2646,410000;-1117,480000;1528,930000;24.06.2018
2018-06-24T10:38:00,000+0000;gdax;BTC-EUR;BtcdeGdaxProvideLiquidity;sell;83513938-4a4a-43d1-95b6-db92b70d93b1;4,95;5065,550000;25074,880000;0,000000;-4,950100;2,698200;2646,410000;-1117,480000;1528,930000;24.06.2018
2018-06-24T10:39:00,000+0000;gdax;BTC-EUR;BtcdeGdaxProvideLiquidity;sell;47f3ba6b-72dc-4a6d-9edd-2262cd4962f1;2,7;5067,870000;13674,330000;0,000000;-2,698200;0,000000;3085,620000;-1117,480000;1968,140000;24.06.2018
2018-06-24T11:06:00,000+0000;btcde;btceur;BtcdeGdaxProvideLiquidity;buy;83F6RY;0,24;5040,000000;-1191,000000;-4,800000;0,236400;0,236400;3085,620000;-1122,280000;1963,340000;24.06.2018
2018-06-24T11:08:00,000+0000;gdax;BTC-EUR;BtcdeGdaxProvideLiquidity;sell;6be1837b-929b-4b6f-b40c-3521739af3d3;0,24;5096,210000;1204,690000;0,000000;-0,236400;0,000000;3099,310000;-1122,280000;1977,030000;24.06.2018
2018-06-25T11:04:00,000+0000;btcde;btceur;BtcdeGdaxProvideLiquidity;buy;XPAZ9D;4,7;5264,000000;-24752,000000;-99,810000;4,702100;4,702100;3099,310000;-1222,090000;1877,220000;25.06.2018
2018-06-25T11:07:00,000+0000;gdax;BTC-EUR;BtcdeGdaxProvideLiquidity;sell;98393478-2678-4474-9f57-d17840584746;4,7;5318,230000;25006,740000;0,000000;-4,702100;0,000000;3354,050000;-1222,090000;2131,960000;25.06.2018
2018-06-25T11:19:00,000+0000;btcde;btceur;BtcdeGdaxProvideLiquidity;buy;HVHQ6C;2,87;5280,000000;-15137,000000;-61,040000;2,866900;2,866900;3354,050000;-1283,130000;2070,920000;25.06.2018
2018-06-25T12:01:00,000+0000;gdax;BTC-EUR;BtcdeGdaxProvideLiquidity;sell;c6350ea5-bd01-4e6d-820d-f6cd25709cba;2,87;5342,310000;15315,760000;0,000000;-2,866900;0,000000;3532,810000;-1283,130000;2249,680000;25.06.2018
2018-06-25T12:46:00,000+0000;btcde;btceur;BtcdeGdaxProvideLiquidity;buy;99XT46;1,71;5177,000000;-8833,000000;-35,620000;1,706200;1,706200;3532,810000;-1318,750000;2214,060000;25.06.2018
2018-06-25T12:50:00,000+0000;gdax;BTC-EUR;BtcdeGdaxProvideLiquidity;sell;86875847-1985-4466-9c63-28011e1b6ac9;1,71;5234,700000;8931,650000;0,000000;-1,706200;0,000000;3631,460000;-1318,750000;2312,710000;25.06.2018
2018-06-25T19:33:00,000+0000;btcde;btceur;BtcdeGdaxProvideLiquidity;buy;4SBVT8;1,19;5283,000000;-6288,900000;-25,360000;1,190400;1,190400;3631,460000;-1344,110000;2287,350000;25.06.2018
2018-06-25T19:41:00,000+0000;gdax;BTC-EUR;BtcdeGdaxProvideLiquidity;sell;75651c2a-df10-47bf-81d0-8fd9eed036ec;1,19;5344,460000;6362,050000;0,000000;-1,190400;0,000000;3704,610000;-1344,110000;2360,500000;25.06.2018
2018-06-26T20:32:00,000+0000;btcde;btceur;BtcdeGdaxProvideLiquidity;buy;753WKP;4,71;5255,000000;-24762,000000;-99,850000;4,712000;4,712000;3704,610000;-1443,960000;2260,650000;26.06.2018
2018-06-26T20:52:00,000+0000;gdax;BTC-EUR;BtcdeGdaxProvideLiquidity;sell;50d84ba6-814c-4da6-a1b8-b697249ff7d4;4,71;5311,670000;25028,590000;0,000000;-4,712000;0,000000;3971,200000;-1443,960000;2527,240000;26.06.2018
2018-06-27T05:43:00,000+0000;btcde;btceur;BtcdeGdaxProvideLiquidity;buy;KWSTWZ;4,78;5176,000000;-24749,000000;-99,790000;4,781400;4,781400;3971,200000;-1543,750000;2427,450000;27.06.2018
2018-06-27T08:25:00,000+0000;gdax;BTC-EUR;BtcdeGdaxProvideLiquidity;sell;1ff60868-4249-4bf7-a273-287cf8754368;4,78;5239,010000;25050,010000;0,000000;-4,781400;0,000000;4272,210000;-1543,750000;2728,460000;27.06.2018
2018-06-27T08:57:00,000+0000;btcde;btceur;BtcdeGdaxProvideLiquidity;buy;SF7M67;1,28;5171,000000;-6606,500000;-26,640000;1,277600;1,277600;4272,210000;-1570,390000;2701,820000;27.06.2018
2018-06-27T09:06:00,000+0000;gdax;BTC-EUR;BtcdeGdaxProvideLiquidity;sell;7ec319d2-1370-4380-bf31-ecc2c48506ae;1,28;5232,920000;6685,400000;0,000000;-1,277600;0,000000;4351,110000;-1570,390000;2780,720000;27.06.2018
2018-06-27T18:30:00,000+0000;btcde;btceur;BtcdeGdaxProvideLiquidity;buy;YZFB38;3,82;5243,000000;-20019,000000;-80,720000;3,818300;3,818300;4351,110000;-1651,110000;2700,000000;27.06.2018
2018-06-27T18:59:00,000+0000;gdax;BTC-EUR;BtcdeGdaxProvideLiquidity;sell;16b9ae41-dc6a-4197-8880-cd41a8ed747c;3,82;5300,010000;20237,280000;0,000000;-3,818300;0,000000;4569,390000;-1651,110000;2918,280000;27.06.2018
2018-06-27T22:14:00,000+0000;btcde;btceur;BtcdeGdaxProvideLiquidity;buy;QVR48X;3,87;5247,000000;-20327,000000;-81,960000;3,874000;3,874000;4569,390000;-1733,070000;2836,320000;27.06.2018
2018-06-27T22:51:00,000+0000;gdax;BTC-EUR;BtcdeGdaxProvideLiquidity;sell;e085ced7-eb6c-46a8-8a21-9e7f24aec768;3,87;5306,720000;20558,170000;0,000000;-3,874000;0,000000;4800,560000;-1733,070000;3067,490000;27.06.2018
2018-06-28T07:39:00,000+0000;btcde;btceur;BtcdeGdaxProvideLiquidity;buy;HCD6X8;0,99;5236,000000;-5194,000000;-20,940000;0,992000;0,992000;4800,560000;-1754,010000;3046,550000;28.06.2018
2018-06-28T07:45:00,000+0000;gdax;BTC-EUR;BtcdeGdaxProvideLiquidity;sell;f6081bec-0517-4e6c-ae47-03a9aba4c9c8;0,99;5291,010000;5248,680000;0,000000;-0,992000;0,000000;4855,240000;-1754,010000;3101,230000;28.06.2018
2018-06-28T15:08:00,000+0000;btcde;btceur;BtcdeGdaxProvideLiquidity;buy;3PR9CP;3,97;5216,000000;-20697,000000;-83,460000;3,968000;3,968000;4855,240000;-1837,470000;3017,770000;28.06.2018
2018-06-28T15:10:00,000+0000;gdax;BTC-EUR;BtcdeGdaxProvideLiquidity;sell;290efb46-7f53-46ef-a6c7-5c95a6d8a2bb;3,97;5271,810000;20918,540000;0,000000;-3,968000;0,000000;5076,780000;-1837,470000;3239,310000;28.06.2018
2018-06-29T00:19:00,000+0000;btcde;btceur;BtcdeGdaxProvideLiquidity;buy;G9RB48;2,66;5044,000000;-13429,000000;-54,150000;2,662400;2,662400;5076,780000;-1891,620000;3185,160000;29.06.2018
2018-06-29T01:06:00,000+0000;gdax;BTC-EUR;BtcdeGdaxProvideLiquidity;sell;502c6559-c2ae-4ef7-993a-da181c7a2a7a;2,66;5096,190000;13567,890000;0,000000;-2,662400;0,000000;5215,670000;-1891,620000;3324,050000;29.06.2018
2018-06-29T05:17:00,000+0000;btcde;btceur;BtcdeGdaxProvideLiquidity;buy;5S97FH;1,59;4944,000000;-7847,100000;-31,640000;1,587200;1,587200;5215,670000;-1923,260000;3292,410000;29.06.2018
2018-06-29T05:21:00,000+0000;gdax;BTC-EUR;BtcdeGdaxProvideLiquidity;sell;4c33ff94-2c57-4120-9df7-8276913519ed;1,59;4997,520000;7932,060000;0,000000;-1,587200;0,000000;5300,630000;-1923,260000;3377,370000;29.06.2018
2018-06-29T05:59:00,000+0000;btcde;btceur;BtcdeGdaxProvideLiquidity;buy;2ACXZ7;0,18;5011,000000;-895,000000;-3,610000;0,178600;0,178600;5300,630000;-1926,870000;3373,760000;29.06.2018
2018-06-29T05:59:00,000+0000;gdax;BTC-EUR;BtcdeGdaxProvideLiquidity;sell;864c44ac-d0fa-4e03-80e3-2d634ae9f689;0,18;5070,810000;905,440000;0,000000;-0,178600;0,000000;5311,070000;-1926,870000;3384,200000;29.06.2018
2018-06-29T07:49:00,000+0000;btcde;btceur;BtcdeGdaxProvideLiquidity;buy;QCMQCE;4,5;5026,000000;-22636,000000;-91,270000;4,503700;4,503700;5311,070000;-2018,140000;3292,930000;29.06.2018
2018-06-29T08:15:00,000+0000;gdax;BTC-EUR;BtcdeGdaxProvideLiquidity;sell;9f1a1dde-5c96-4968-86cd-e22c7544d303;4,5;5081,660000;22886,170000;0,000000;-4,503700;0,000000;5561,240000;-2018,140000;3543,100000;29.06.2018
2018-07-02T13:30:00,000+0000;btcde;btceur;BtcdeGdaxProvideLiquidity;buy;8BRDHY;2,07;5643,000000;-11664,000000;-47,030000;2,067000;2,067000;5561,240000;-2065,170000;3496,070000;02.07.2018
2018-07-02T13:30:00,000+0000;gdax;BTC-EUR;BtcdeGdaxProvideLiquidity;sell;cdab00d8-32b5-41cd-8be7-d7cb400fbeb4;2,07;5706,240000;11795,010000;0,000000;-2,067000;0,000000;5692,250000;-2065,170000;3627,080000;02.07.2018
2018-07-02T13:31:00,000+0000;btcde;btceur;BtcdeGdaxProvideLiquidity;buy;B89HAK;4,39;5643,000000;-24799,000000;-99,990000;4,394600;4,394600;5692,250000;-2165,160000;3527,090000;02.07.2018
2018-07-02T13:36:00,000+0000;gdax;BTC-EUR;BtcdeGdaxProvideLiquidity;sell;1dd34bb0-d9e2-4e26-8ab6-fd376b19362f;4,39;5706,830000;25079,010000;0,000000;-4,394600;0,000000;5972,260000;-2165,160000;3807,100000;02.07.2018
2018-07-04T11:51:00,000+0000;btcde;btceur;BtcdeGdaxProvideLiquidity;buy;QVX2DK;0,07;5547,000000;-381,000000;-1,540000;0,068700;0,068700;5972,260000;-2166,700000;3805,560000;04.07.2018
2018-07-04T11:52:00,000+0000;gdax;BTC-EUR;BtcdeGdaxProvideLiquidity;sell;eb1562d6-8eb1-4545-bba6-b6b013a81523;0,07;5615,150000;386,020000;0,000000;-0,068700;0,000000;5977,280000;-2166,700000;3810,580000;04.07.2018
2018-07-04T18:25:00,000+0000;btcde;btceur;BtcdeGdaxProvideLiquidity;buy;62QB9V;1;5676,000000;-5686,800000;-22,930000;1,001900;1,001900;5977,280000;-2189,630000;3787,650000;04.07.2018
2018-07-04T18:31:00,000+0000;gdax;BTC-EUR;BtcdeGdaxProvideLiquidity;sell;e257d977-addc-4c65-a3fd-8e02d040a77b;1;5739,550000;5750,300000;0,000000;-1,001900;0,000000;6040,780000;-2189,630000;3851,150000;04.07.2018
2018-07-07T23:25:00,000+0000;btcde;btceur;BtcdeGdaxProvideLiquidity;buy;FCUGTT;0,29;5686,000000;-1633,000000;-6,580000;0,287200;0,287200;6040,780000;-2196,210000;3844,570000;07.07.2018
2018-07-07T23:26:00,000+0000;gdax;BTC-EUR;BtcdeGdaxProvideLiquidity;sell;5d582eaa-8a80-4901-835e-2080bb136caa;0,29;5757,050000;1653,320000;0,000000;-0,287200;0,000000;6061,100000;-2196,210000;3864,890000;07.07.2018
2018-07-08T12:12:00,000+0000;btcde;btceur;BtcdeGdaxProvideLiquidity;buy;Q95VKT;4,36;5677,000000;-24779,000000;-99,920000;4,364800;4,364800;6061,100000;-2296,130000;3764,970000;08.07.2018
2018-07-08T15:27:00,000+0000;gdax;BTC-EUR;BtcdeGdaxProvideLiquidity;sell;4a535742-1b5f-434a-b608-9308853980ce;4,36;5740,020000;25054,040000;0,000000;-4,364800;0,000000;6336,140000;-2296,130000;4040,010000;08.07.2018
2018-07-11T14:14:00,000+0000;btcde;btceur;BtcdeGdaxProvideLiquidity;buy;NX546E;0,3;5385,000000;-1603,000000;-6,460000;0,297600;0,297600;6336,140000;-2302,590000;4033,550000;11.07.2018
2018-07-11T14:22:00,000+0000;gdax;BTC-EUR;BtcdeGdaxProvideLiquidity;sell;6fdda7ec-a9da-4483-9c44-3f71dfda5fd1;0,3;5440,010000;1618,950000;0,000000;-0,297600;0,000000;6352,090000;-2302,590000;4049,500000;11.07.2018
2018-07-11T16:39:00,000+0000;btcde;btceur;BtcdeGdaxProvideLiquidity;buy;ZPW8NP;4,62;5360,000000;-24778,000000;-99,910000;4,622700;4,622700;6352,090000;-2402,500000;3949,590000;11.07.2018
2018-07-11T16:41:00,000+0000;gdax;BTC-EUR;BtcdeGdaxProvideLiquidity;sell;59b88add-b37f-4f6b-b9a5-30b885ef7a9e;4,62;5429,470000;25098,920000;0,000000;-4,622700;0,000000;6673,010000;-2402,500000;4270,510000;11.07.2018
2018-07-12T08:34:00,000+0000;btcde;btceur;BtcdeGdaxProvideLiquidity;buy;AHFC8Q;2,67;5232,000000;-13962,000000;-56,300000;2,668500;2,668500;6673,010000;-2458,800000;4214,210000;12.07.2018
2018-07-12T08:45:00,000+0000;gdax;BTC-EUR;BtcdeGdaxProvideLiquidity;sell;fde76e40-1c1d-45c5-bd87-d64cae955b09;2,67;5299,050000;14140,410000;0,000000;-2,668500;0,000000;6851,420000;-2458,800000;4392,620000;12.07.2018
2018-07-15T09:28:00,000+0000;btcde;btceur;BtcdeGdaxProvideLiquidity;buy;N49U5F;0,4;5368,000000;-2130,000000;-8,590000;0,396800;0,396800;6851,420000;-2467,390000;4384,030000;15.07.2018
2018-07-15T09:34:00,000+0000;gdax;BTC-EUR;BtcdeGdaxProvideLiquidity;sell;62f4c1dc-c3f3-4066-bb5c-f8a52173d604;0,4;5424,480000;2152,430000;0,000000;-0,396800;0,000000;6873,850000;-2467,390000;4406,460000;15.07.2018
2018-07-15T15:10:00,000+0000;btcde;btceur;BtcdeGdaxProvideLiquidity;buy;87CPSC;0,49;5393,000000;-2622,000000;-10,570000;0,486100;0,486100;6873,850000;-2477,960000;4395,890000;15.07.2018
2018-07-15T15:22:00,000+0000;gdax;BTC-EUR;BtcdeGdaxProvideLiquidity;sell;3bd7852c-2b7c-4242-a3b1-6ed550cb7d65;0,49;5450,040000;2649,160000;0,000000;-0,486100;0,000000;6901,010000;-2477,960000;4423,050000;15.07.2018
2018-07-15T19:02:00,000+0000;btcde;btceur;BtcdeGdaxProvideLiquidity;buy;4PBVQ3;4,6;5386,000000;-24791,000000;-99,960000;4,602900;4,602900;6901,010000;-2577,920000;4323,090000;15.07.2018
2018-07-15T19:48:00,000+0000;gdax;BTC-EUR;BtcdeGdaxProvideLiquidity;sell;edca58aa-ccfc-4b74-938e-414081129cf7;4,6;5449,010000;25081,140000;0,000000;-4,602900;0,000000;7191,150000;-2577,920000;4613,230000;15.07.2018
2018-07-16T18:23:00,000+0000;btcde;btceur;BtcdeGdaxProvideLiquidity;buy;VY7WXY;4,4;5629,000000;-24793,000000;-99,970000;4,404500;4,404500;7191,150000;-2677,890000;4513,260000;16.07.2018
2018-07-16T18:26:00,000+0000;gdax;BTC-EUR;BtcdeGdaxProvideLiquidity;sell;96a72ba8-6868-4a69-8390-915a8a35bb9f;4,4;5696,420000;25089,770000;0,000000;-4,404500;0,000000;7487,920000;-2677,890000;4810,030000;16.07.2018
2018-07-16T18:49:00,000+0000;btcde;btceur;BtcdeGdaxProvideLiquidity;buy;57KT7X;3,12;5622,000000;-17568,000000;-70,840000;3,124800;3,124800;7487,920000;-2748,730000;4739,190000;16.07.2018
2018-07-16T19:59:00,000+0000;gdax;BTC-EUR;BtcdeGdaxProvideLiquidity;sell;ba2f3cc2-6308-41cb-991c-5a967df11d82;3,12;5693,460000;17790,920000;0,000000;-3,124800;0,000000;7710,840000;-2748,730000;4962,110000;16.07.2018
2018-07-17T17:39:00,000+0000;btcde;btceur;BtcdeGdaxProvideLiquidity;buy;KFF7X7;0,16;5896,000000;-923,900000;-3,730000;0,156700;0,156700;7710,840000;-2752,460000;4958,380000;17.07.2018
2018-07-17T17:39:00,000+0000;gdax;BTC-EUR;BtcdeGdaxProvideLiquidity;sell;16e415c1-e0a5-46f0-be8c-b1db36be1608;0,16;5965,440000;935,000000;0,000000;-0,156700;0,000000;7721,940000;-2752,460000;4969,480000;17.07.2018
2018-07-17T17:52:00,000+0000;btcde;btceur;BtcdeGdaxProvideLiquidity;buy;6VCU68;0,1;6063,000000;-597,000000;-2,410000;0,098400;0,098400;7721,940000;-2754,870000;4967,070000;17.07.2018
2018-07-17T17:52:00,000+0000;gdax;BTC-EUR;BtcdeGdaxProvideLiquidity;sell;24235284-27ae-45e3-b15a-a28b940e30ad;0,1;6139,070000;604,120000;0,000000;-0,098400;0,000000;7729,060000;-2754,870000;4974,190000;17.07.2018
2018-07-17T18:53:00,000+0000;btcde;btceur;BtcdeGdaxProvideLiquidity;buy;A2ZWZG;1,98;6239,000000;-12378,000000;-49,910000;1,984000;1,984000;7729,060000;-2804,780000;4924,280000;17.07.2018
2018-07-17T19:15:00,000+0000;gdax;BTC-EUR;BtcdeGdaxProvideLiquidity;sell;d6826efd-8ad1-4184-9724-5958e89f973e;1,98;6304,290000;12507,710000;0,000000;-1,984000;0,000000;7858,770000;-2804,780000;5053,990000;17.07.2018
2018-07-17T19:16:00,000+0000;btcde;btceur;BtcdeGdaxProvideLiquidity;buy;27BQ74;0,2;6237,000000;-1242,000000;-5,010000;0,199200;0,199200;7858,770000;-2809,790000;5048,980000;17.07.2018
2018-07-17T19:17:00,000+0000;gdax;BTC-EUR;BtcdeGdaxProvideLiquidity;sell;74d48c0c-bf7c-4f4f-ad12-e5dad133fa81;0,2;6314,310000;1258,030000;0,000000;-0,199200;0,000000;7874,800000;-2809,790000;5065,010000;17.07.2018
2018-07-17T19:33:00,000+0000;btcde;btceur;BtcdeGdaxProvideLiquidity;buy;WSAPAZ;1;6227,000000;-6247,500000;-25,190000;1,003300;1,003300;7874,800000;-2834,980000;5039,820000;17.07.2018
2018-07-17T19:34:00,000+0000;gdax;BTC-EUR;BtcdeGdaxProvideLiquidity;sell;8afd4cea-d325-4663-8dc5-4e78dffdc379;1;6296,060000;6316,790000;0,000000;-1,003300;0,000000;7944,090000;-2834,980000;5109,110000;17.07.2018
2018-07-18T03:37:00,000+0000;btcde;btceur;BtcdeGdaxProvideLiquidity;buy;S2SPCR;0,12;6338,000000;-754,200000;-3,040000;0,119000;0,119000;7944,090000;-2838,020000;5106,070000;18.07.2018
2018-07-18T03:44:00,000+0000;gdax;BTC-EUR;BtcdeGdaxProvideLiquidity;sell;63868df5-6f81-466e-840b-9422c3130bc4;0,12;6405,770000;762,540000;0,000000;-0,119000;0,000000;7952,430000;-2838,020000;5114,410000;18.07.2018
2018-07-18T09:16:00,000+0000;btcde;btceur;BtcdeGdaxProvideLiquidity;buy;3FNXBK;0,98;6284,000000;-6172,000000;-24,880000;0,982100;0,982100;7952,430000;-2862,900000;5089,530000;18.07.2018
2018-07-18T09:19:00,000+0000;gdax;BTC-EUR;BtcdeGdaxProvideLiquidity;sell;00de57d8-ffd3-45af-9622-a7cfa64537ba;0,98;6354,940000;6241,060000;0,000000;-0,982100;0,000000;8021,490000;-2862,900000;5158,590000;18.07.2018
2018-07-18T17:44:00,000+0000;btcde;btceur;BtcdeGdaxProvideLiquidity;buy;B6MSSN;0,2;6350,000000;-1260,000000;-5,080000;0,198400;0,198400;8021,490000;-2867,980000;5153,510000;18.07.2018
2018-07-18T17:45:00,000+0000;gdax;BTC-EUR;BtcdeGdaxProvideLiquidity;sell;f1752b2e-b797-4d40-a5d1-d4b2ae2a57eb;0,2;6415,770000;1272,890000;0,000000;-0,198400;0,000000;8034,380000;-2867,980000;5166,400000;18.07.2018
2018-07-18T21:53:00,000+0000;btcde;btceur;BtcdeGdaxProvideLiquidity;buy;UHG4ET;3,98;6231,000000;-24786,000000;-99,950000;3,977900;3,977900;8034,380000;-2967,930000;5066,450000;18.07.2018
2018-07-18T22:38:00,000+0000;gdax;BTC-EUR;BtcdeGdaxProvideLiquidity;sell;9a63050d-b811-4246-9227-b8d02c250a6d;3,98;6301,760000;25067,900000;0,000000;-3,977900;0,000000;8316,280000;-2967,930000;5348,350000;18.07.2018
2018-07-19T00:21:00,000+0000;btcde;btceur;BtcdeGdaxProvideLiquidity;buy;GNPWXN;3,33;6235,000000;-20782,000000;-83,800000;3,333100;3,333100;8316,280000;-3051,730000;5264,550000;19.07.2018
2018-07-19T00:24:00,000+0000;gdax;BTC-EUR;BtcdeGdaxProvideLiquidity;sell;01bcb68f-7134-4e22-9126-5168ed240400;3,33;6304,010000;21012,020000;0,000000;-3,333100;0,000000;8546,300000;-3051,730000;5494,570000;19.07.2018
2018-07-19T07:08:00,000+0000;btcde;btceur;BtcdeGdaxProvideLiquidity;buy;278B36;0,2;6241,000000;-1243,000000;-5,010000;0,199200;0,199200;8546,300000;-3056,740000;5489,560000;19.07.2018
2018-07-19T07:10:00,000+0000;gdax;BTC-EUR;BtcdeGdaxProvideLiquidity;sell;0d4a10be-fbda-4bff-a0f4-cb29439b764f;0,2;6313,610000;1257,660000;0,000000;-0,199200;0,000000;8560,960000;-3056,740000;5504,220000;19.07.2018
2018-07-19T19:21:00,000+0000;btcde;btceur;BtcdeGdaxProvideLiquidity;buy;WYWHKW;3,9;6345,000000;-24737,000000;-99,740000;3,898600;3,898600;8560,960000;-3156,480000;5404,480000;19.07.2018
2018-07-19T19:35:00,000+0000;gdax;BTC-EUR;BtcdeGdaxProvideLiquidity;sell;f382a64a-8a2c-4195-95b1-ef7ca035c4d2;3,9;6419,980000;25028,680000;0,000000;-3,898600;0,000000;8852,640000;-3156,480000;5696,160000;19.07.2018
2018-07-20T00:27:00,000+0000;btcde;btceur;BtcdeGdaxProvideLiquidity;buy;X7B273;3,93;6301,000000;-24752,000000;-99,810000;3,928300;3,928300;8852,640000;-3256,290000;5596,350000;20.07.2018
2018-07-20T01:17:00,000+0000;gdax;BTC-EUR;BtcdeGdaxProvideLiquidity;sell;2fd3f56a-4322-44df-b175-43af7ef8dd39;3,93;6377,470000;25052,740000;0,000000;-3,928300;0,000000;9153,380000;-3256,290000;5897,090000;20.07.2018
2018-07-21T01:08:00,000+0000;btcde;btceur;BtcdeGdaxProvideLiquidity;buy;C8Q7BY;0,79;6126,000000;-4862,000000;-19,600000;0,793600;0,793600;9153,380000;-3275,890000;5877,490000;21.07.2018
2018-07-21T02:06:00,000+0000;gdax;BTC-EUR;BtcdeGdaxProvideLiquidity;sell;69586cc9-f378-4a36-bf15-633f2a50785f;0,79;6189,260000;4911,800000;0,000000;-0,793600;0,000000;9203,180000;-3275,890000;5927,290000;21.07.2018
2018-07-21T14:52:00,000+0000;btcde;btceur;BtcdeGdaxProvideLiquidity;buy;HYSH52;3,99;6214,000000;-24780,000000;-99,920000;3,987800;3,987800;9203,180000;-3375,810000;5827,370000;21.07.2018
2018-07-21T15:38:00,000+0000;gdax;BTC-EUR;BtcdeGdaxProvideLiquidity;sell;1b6c9bcd-1fad-43f4-9152-6d53bd989092;3,99;6288,010000;25075,580000;0,000000;-3,987800;0,000000;9498,760000;-3375,810000;6122,950000;21.07.2018
2018-07-21T16:14:00,000+0000;btcde;btceur;BtcdeGdaxProvideLiquidity;buy;D2P7DN;2,74;6259,000000;-17137,000000;-69,100000;2,737900;2,737900;9498,760000;-3444,910000;6053,850000;21.07.2018
2018-07-21T16:48:00,000+0000;gdax;BTC-EUR;BtcdeGdaxProvideLiquidity;sell;e94f2a6f-4911-4316-a472-dc1606cec6db;2,74;6331,550000;17335,280000;0,000000;-2,737900;0,000000;9697,040000;-3444,910000;6252,130000;21.07.2018
2018-07-23T08:33:00,000+0000;btcde;btceur;BtcdeGdaxProvideLiquidity;buy;TGQH7P;1,54;6531,000000;-10056,000000;-40,550000;1,539800;1,539800;9697,040000;-3485,460000;6211,580000;23.07.2018
2018-07-23T08:59:00,000+0000;gdax;BTC-EUR;BtcdeGdaxProvideLiquidity;sell;47cb5097-143c-41e1-bb4f-f741ff2ed5ab;1,54;6600,020000;10162,500000;0,000000;-1,539800;0,000000;9803,540000;-3485,460000;6318,080000;23.07.2018
2018-07-24T14:41:00,000+0000;btcde;btceur;BtcdeGdaxProvideLiquidity;buy;EMAPSP;0,99;6926,000000;-6871,000000;-27,700000;0,992000;0,992000;9803,540000;-3513,160000;6290,380000;24.07.2018
2018-07-24T15:32:00,000+0000;gdax;BTC-EUR;BtcdeGdaxProvideLiquidity;sell;799be4f0-db4f-4a02-80e9-457b350c8a6e;0,99;7002,250000;6946,230000;0,000000;-0,992000;0,000000;9878,770000;-3513,160000;6365,610000;24.07.2018
2018-07-24T16:26:00,000+0000;btcde;btceur;BtcdeGdaxProvideLiquidity;buy;8ACA8E;2,41;6942,000000;-16734,000000;-67,480000;2,410600;2,410600;9878,770000;-3580,640000;6298,130000;24.07.2018
2018-07-24T16:37:00,000+0000;gdax;BTC-EUR;BtcdeGdaxProvideLiquidity;sell;92399a19-4746-46b0-b734-5347cbb0fd01;2,41;7012,930000;16905,090000;0,000000;-2,410600;0,000000;10049,860000;-3580,640000;6469,220000;24.07.2018
2018-07-25T11:06:00,000+0000;btcde;btceur;BtcdeGdaxProvideLiquidity;buy;M5YEGB;1,26;6942,000000;-8738,600000;-35,240000;1,258800;1,258800;10049,860000;-3615,880000;6433,980000;25.07.2018
2018-07-25T11:07:00,000+0000;gdax;BTC-EUR;BtcdeGdaxProvideLiquidity;sell;0c81cbfa-3850-4588-a6c8-6eda24a074f0;1,26;7015,010000;8830,550000;0,000000;-1,258800;0,000000;10141,810000;-3615,880000;6525,930000;25.07.2018
2018-07-25T15:11:00,000+0000;btcde;btceur;BtcdeGdaxProvideLiquidity;buy;UCFX78;3,57;6943,000000;-24795,000000;-99,980000;3,571200;3,571200;10141,810000;-3715,860000;6425,950000;25.07.2018
2018-07-25T15:39:00,000+0000;gdax;BTC-EUR;BtcdeGdaxProvideLiquidity;sell;fc1593f5-f764-4523-aec5-51b1062b225a;3,57;6914,330000;24692,440000;-74,080000;-3,571200;0,000000;10039,250000;-3789,940000;6249,310000;25.07.2018
2018-07-25T18:38:00,000+0000;btcde;btceur;BtcdeGdaxProvideLiquidity;buy;G6GBMT;2,7;6831,000000;-18431,000000;-74,320000;2,698200;2,698200;10039,250000;-3864,260000;6174,990000;25.07.2018
2018-07-25T18:48:00,000+0000;gdax;BTC-EUR;BtcdeGdaxProvideLiquidity;sell;569219a2-ad4f-426a-a19d-4daa0e714a45;2,7;6914,020000;18655,690000;0,000000;-2,698200;0,000000;10263,940000;-3864,260000;6399,680000;25.07.2018
2018-07-25T21:46:00,000+0000;btcde;btceur;BtcdeGdaxProvideLiquidity;buy;8CNP8X;3,54;6999,000000;-24786,000000;-99,950000;3,541400;3,541400;10263,940000;-3964,210000;6299,730000;25.07.2018
2018-07-25T22:39:00,000+0000;gdax;BTC-EUR;BtcdeGdaxProvideLiquidity;sell;3df6fb61-af51-4f0a-9435-951dcedfbde1;3,54;7076,020000;25059,300000;0,000000;-3,541400;0,000000;10537,240000;-3964,210000;6573,030000;25.07.2018
2018-07-26T00:06:00,000+0000;btcde;btceur;BtcdeGdaxProvideLiquidity;buy;HBYTMU;1,45;6912,000000;-10011,000000;-40,370000;1,448300;1,448300;10537,240000;-4004,580000;6532,660000;26.07.2018
2018-07-26T00:23:00,000+0000;gdax;BTC-EUR;BtcdeGdaxProvideLiquidity;sell;5cb39d71-faf9-4bdd-a3f6-d181af5d22fb;1,45;6989,850000;10123,540000;0,000000;-1,448300;0,000000;10649,780000;-4004,580000;6645,200000;26.07.2018
2018-07-31T07:39:00,000+0000;btcde;btceur;BtcdeGdaxProvideLiquidity;buy;VHPYY8;1,98;6864,000000;-13618,000000;-54,910000;1,984000;1,984000;10649,780000;-4059,490000;6590,290000;31.07.2018
2018-07-31T07:59:00,000+0000;gdax;BTC-EUR;BtcdeGdaxProvideLiquidity;sell;a608d4ac-ffc2-4fc0-a050-8823acec376f;1,98;6933,840000;13756,740000;0,000000;-1,984000;0,000000;10788,520000;-4059,490000;6729,030000;31.07.2018
2018-07-31T21:07:00,000+0000;btcde;btceur;BtcdeGdaxProvideLiquidity;buy;SBSXZ9;0,79;6524,000000;-5177,000000;-20,880000;0,793600;0,793600;10788,520000;-4080,370000;6708,150000;31.07.2018
2018-07-31T21:07:00,000+0000;gdax;BTC-EUR;BtcdeGdaxProvideLiquidity;sell;caa05a97-171f-4572-8019-f7c3c70f0159;0,79;6594,010000;5233,010000;0,000000;-0,793600;0,000000;10844,530000;-4080,370000;6764,160000;31.07.2018
2018-08-07T06:03:00,000+0000;btcde;btceur;BtcdeGdaxProvideLiquidity;buy;QAQD6H;4,17;5946,000000;-24773,000000;-99,890000;4,166400;4,166400;10844,530000;-4180,260000;6664,270000;07.08.2018
2018-08-07T06:24:00,000+0000;gdax;BTC-EUR;BtcdeGdaxProvideLiquidity;sell;cc9c9fd2-8319-449d-9be4-a86b9b6ded29;4,17;6007,900000;25031,310000;0,000000;-4,166400;0,000000;11102,840000;-4180,260000;6922,580000;07.08.2018
2018-08-08T18:57:00,000+0000;btcde;btceur;BtcdeGdaxProvideLiquidity;buy;6PN73E;2,32;5318,000000;-12338,000000;-49,750000;2,320000;2,320000;11102,840000;-4230,010000;6872,830000;08.08.2018
2018-08-08T18:59:00,000+0000;gdax;BTC-EUR;BtcdeGdaxProvideLiquidity;sell;7c5ea989-0717-4d98-8680-ec4fbb6b8f2b;2,32;5380,010000;12481,420000;0,000000;-2,320000;0,000000;11246,260000;-4230,010000;7016,250000;08.08.2018
2018-08-10T13:21:00,000+0000;btcde;btceur;BtcdeGdaxProvideLiquidity;buy;G2E5KZ;4,4;5627,000000;-24784,000000;-99,940000;4,404500;4,404500;11246,260000;-4329,950000;6916,310000;10.08.2018
2018-08-10T13:44:00,000+0000;gdax;BTC-EUR;BtcdeGdaxProvideLiquidity;sell;d198886c-b4d1-437a-9818-ea7b66ab8f95;4,4;5699,020000;25101,220000;0,000000;-4,404500;0,000000;11563,480000;-4329,950000;7233,530000;10.08.2018
2018-08-10T15:44:00,000+0000;btcde;btceur;BtcdeGdaxProvideLiquidity;buy;EENEZE;2,2;5603,000000;-12339,000000;-49,750000;2,202200;2,202200;11563,480000;-4379,700000;7183,780000;10.08.2018
2018-08-10T16:48:00,000+0000;gdax;BTC-EUR;BtcdeGdaxProvideLiquidity;sell;d81ea85f-1928-45ed-a09c-5a5034715380;1,78;5583,480000;9950,960000;-29,850000;-1,782200;0,420000;11563,480000;-4409,550000;7153,930000;10.08.2018
2018-08-10T16:48:00,000+0000;gdax;BTC-EUR;BtcdeGdaxProvideLiquidity;sell;fe10980d-6e67-4696-af84-09983539be84;0,42;5676,090000;2384,110000;0,000000;-0,420000;0,000000;11559,550000;-4409,550000;7150,000000;10.08.2018
2018-08-11T09:31:00,000+0000;btcde;btceur;BtcdeGdaxProvideLiquidity;buy;94B3NN;4,64;5341,000000;-24796,000000;-99,980000;4,642600;4,642600;11559,550000;-4509,530000;7050,020000;11.08.2018
2018-08-11T10:00:00,000+0000;gdax;BTC-EUR;BtcdeGdaxProvideLiquidity;sell;4687b5e0-9964-48b2-bdb9-84ad8984bf40;4,64;5403,330000;25085,280000;0,000000;-4,642600;0,000000;11848,830000;-4509,530000;7339,300000;11.08.2018
2018-08-11T10:44:00,000+0000;btcde;btceur;BtcdeGdaxProvideLiquidity;buy;X9RMQE;0,37;5372,000000;-1982,000000;-7,990000;0,369000;0,369000;11848,830000;-4517,520000;7331,310000;11.08.2018
2018-08-11T10:46:00,000+0000;gdax;BTC-EUR;BtcdeGdaxProvideLiquidity;sell;166066bb-3f9c-4fe4-ad81-43e13dc886ee;0,37;5432,000000;2004,540000;0,000000;-0,369000;0,000000;11871,370000;-4517,520000;7353,850000;11.08.2018
2018-08-11T10:51:00,000+0000;btcde;btceur;BtcdeGdaxProvideLiquidity;buy;32CCB3;0,1;5385,000000;-514,000000;-2,070000;0,095500;0,095500;11871,370000;-4519,590000;7351,780000;11.08.2018
2018-08-11T12:38:00,000+0000;gdax;BTC-EUR;BtcdeGdaxProvideLiquidity;sell;bce89fc5-e2a9-4856-a2b1-9683c3c4052b;0,1;5370,000000;512,590000;-1,540000;-0,095500;0,000000;11869,960000;-4521,130000;7348,830000;11.08.2018
2018-08-11T12:56:00,000+0000;btcde;btceur;BtcdeGdaxProvideLiquidity;buy;AU5QAQ;2,68;5351,010000;-14332,000000;-57,790000;2,678400;2,678400;11869,960000;-4578,920000;7291,040000;11.08.2018
2018-08-11T14:30:00,000+0000;gdax;BTC-EUR;BtcdeGdaxProvideLiquidity;sell;0bbfeb9e-4043-4f72-a11f-d3f43268e249;2,68;5415,090000;14503,780000;0,000000;-2,678400;0,000000;12041,740000;-4578,920000;7462,820000;11.08.2018
2018-08-20T06:15:00,000+0000;btcde;btceur;BtcdeGdaxProvideLiquidity;buy;7UYPGQ;4,41;5611,000000;-24769,000000;-99,880000;4,414400;4,414400;12041,740000;-4678,800000;7362,940000;20.08.2018
2018-08-20T16:38:00,000+0000;gdax;BTC-EUR;BtcdeGdaxProvideLiquidity;sell;24842a43-72c1-4318-ae19-a1ccf5a35c0e;4,41;5679,290000;25070,660000;0,000000;-4,414400;0,000000;12343,400000;-4678,800000;7664,600000;20.08.2018
2018-08-20T20:55:00,000+0000;btcde;btceur;BtcdeGdaxProvideLiquidity;buy;N5Y2SU;2,98;5575,000000;-16591,000000;-66,900000;2,976000;2,976000;12343,400000;-4745,700000;7597,700000;20.08.2018
2018-08-20T22:08:00,000+0000;btcde;btceur;BtcdeGdaxProvideLiquidity;buy;8EZ55T;0,12;5576,000000;-663,500000;-2,680000;0,119000;3,095000;12343,400000;-4748,380000;7595,020000;20.08.2018
2018-08-20T22:08:00,000+0000;gdax;BTC-EUR;BtcdeGdaxProvideLiquidity;sell;5d5a911d-88f8-4cad-9436-f844558b71e3;0,98;5550,000000;5419,880000;-16,260000;-0,976600;2,118400;12343,400000;-4764,640000;7578,760000;20.08.2018
2018-08-20T22:08:00,000+0000;gdax;BTC-EUR;BtcdeGdaxProvideLiquidity;sell;687c95d0-9c0a-4cd0-bf9e-8fc3c7531cb0;0,12;5550,000000;660,670000;-1,980000;-0,119000;1,999400;12343,400000;-4766,620000;7576,780000;20.08.2018
2018-08-20T22:08:00,000+0000;gdax;BTC-EUR;BtcdeGdaxProvideLiquidity;sell;cd3ee69a-d3a1-4ae7-a3cc-3cbb0a564a2f;2;5638,280000;11273,430000;0,000000;-1,999400;0,000000;12442,880000;-4766,620000;7676,260000;20.08.2018
2018-08-22T01:04:00,000+0000;btcde;btceur;BtcdeGdaxProvideLiquidity;buy;4E4K3A;4,34;5713,000000;-24766,000000;-99,860000;4,335000;4,335000;12442,880000;-4866,480000;7576,400000;22.08.2018
2018-08-22T01:04:00,000+0000;gdax;BTC-EUR;BtcdeGdaxProvideLiquidity;sell;f90bfdb7-0ff6-474b-a79c-11fdc566d346;4,34;5787,160000;25087,570000;0,000000;-4,335000;0,000000;12764,450000;-4866,480000;7897,970000;22.08.2018
2018-08-22T01:06:00,000+0000;btcde;btceur;BtcdeGdaxProvideLiquidity;buy;H4P4ZN;1,14;5802,000000;-6629,400000;-26,730000;1,142600;1,142600;12764,450000;-4893,210000;7871,240000;22.08.2018
2018-08-22T01:06:00,000+0000;btcde;btceur;BtcdeGdaxProvideLiquidity;buy;NZHGXR;0,17;5762,230000;-977,900000;-3,940000;0,169700;1,312300;12764,450000;-4897,150000;7867,300000;22.08.2018
2018-08-22T01:06:00,000+0000;gdax;BTC-EUR;BtcdeGdaxProvideLiquidity;sell;429cda8f-d880-4ade-a82e-fa1af68709e0;0,17;5838,920000;990,940000;0,000000;-0,169700;1,142600;12764,450000;-4897,150000;7867,300000;22.08.2018
2018-08-22T01:07:00,000+0000;gdax;BTC-EUR;BtcdeGdaxProvideLiquidity;sell;82584bb3-de17-408a-99a0-4db137e63f0a;1,14;5871,220000;6708,370000;0,000000;-1,142600;0,000000;12856,460000;-4897,150000;7959,310000;22.08.2018
2018-08-22T01:11:00,000+0000;btcde;btceur;BtcdeGdaxProvideLiquidity;buy;SYVR35;0,17;5773,000000;-991,800000;-4,000000;0,171800;0,171800;12856,460000;-4901,150000;7955,310000;22.08.2018
2018-08-22T01:11:00,000+0000;gdax;BTC-EUR;BtcdeGdaxProvideLiquidity;sell;c1407661-1cc5-4f27-91e6-e44a30a31b90;0,17;5834,010000;1002,470000;0,000000;-0,171800;0,000000;12867,130000;-4901,150000;7965,980000;22.08.2018
2018-08-23T11:46:00,000+0000;btcde;btceur;BtcdeGdaxProvideLiquidity;buy;3PZKVA;4,46;5479,000000;-24458,000000;-98,620000;4,464000;4,464000;12867,130000;-4999,770000;7867,360000;23.08.2018
2018-08-23T12:10:00,000+0000;gdax;BTC-EUR;BtcdeGdaxProvideLiquidity;sell;be28cb55-e07b-4602-932c-d694a7f2bc99;4,46;5537,440000;24719,130000;0,000000;-4,464000;0,000000;13128,260000;-4999,770000;8128,490000;23.08.2018
2018-08-26T15:49:00,000+0000;btcde;btceur;BtcdeGdaxProvideLiquidity;buy;2Z3KRR;1,98;5722,000000;-11352,000000;-45,780000;1,984000;1,984000;13128,260000;-5045,550000;8082,710000;26.08.2018
2018-08-26T16:28:00,000+0000;gdax;BTC-EUR;BtcdeGdaxProvideLiquidity;sell;218cdc68-c1a6-4671-83ec-dd96ee634768;1,98;5780,000000;11467,520000;0,000000;-1,984000;0,000000;13243,780000;-5045,550000;8198,230000;26.08.2018
2018-08-28T10:46:00,000+0000;btcde;btceur;BtcdeGdaxProvideLiquidity;buy;F9C7B7;0,34;5868,000000;-1979,000000;-7,980000;0,337300;0,337300;13243,780000;-5053,530000;8190,250000;28.08.2018
2018-08-28T10:48:00,000+0000;gdax;BTC-EUR;BtcdeGdaxProvideLiquidity;sell;32dd4198-0f42-4d00-994a-27d5d2cfe776;0,34;5935,010000;2001,760000;0,000000;-0,337300;0,000000;13266,540000;-5053,530000;8213,010000;28.08.2018
2018-08-29T05:27:00,000+0000;btcde;btceur;BtcdeGdaxProvideLiquidity;buy;ZBK2U3;3,97;5962,000000;-23657,000000;-95,390000;3,968000;3,968000;13266,540000;-5148,920000;8117,620000;29.08.2018
2018-08-29T05:51:00,000+0000;gdax;BTC-EUR;BtcdeGdaxProvideLiquidity;sell;5715a704-e00d-43e9-af6b-c3cca4812211;3,97;6038,000000;23958,780000;0,000000;-3,968000;0,000000;13568,320000;-5148,920000;8419,400000;29.08.2018
2018-08-29T07:06:00,000+0000;btcde;btceur;BtcdeGdaxProvideLiquidity;buy;DMYD9S;1,71;5985,000000;-10251,000000;-41,330000;1,712700;1,712700;13568,320000;-5190,250000;8378,070000;29.08.2018
2018-08-29T07:07:00,000+0000;gdax;BTC-EUR;BtcdeGdaxProvideLiquidity;sell;a0dcf8ff-78c2-42cb-bbb3-00b6eb38c431;1,71;6049,020000;10360,270000;0,000000;-1,712700;0,000000;13677,590000;-5190,250000;8487,340000;29.08.2018
2018-09-01T19:10:00,000+0000;btcde;btceur;BtcdeGdaxProvideLiquidity;buy;WVTR7T;4,04;6136,720000;-24776,000000;-99,910000;4,037400;4,037400;13677,590000;-5290,160000;8387,430000;01.09.2018
2018-09-01T19:19:00,000+0000;gdax;BTC-EUR;BtcdeGdaxProvideLiquidity;sell;d0bff46d-f54d-4b92-831d-219c9705b464;4,04;6208,090000;25064,790000;0,000000;-4,037400;0,000000;13966,380000;-5290,160000;8676,220000;01.09.2018
2018-09-01T19:33:00,000+0000;btcde;btceur;BtcdeGdaxProvideLiquidity;buy;4TTWT3;3,43;6143,000000;-21085,000000;-85,020000;3,432300;3,432300;13966,380000;-5375,180000;8591,200000;01.09.2018
2018-09-01T19:40:00,000+0000;gdax;BTC-EUR;BtcdeGdaxProvideLiquidity;sell;e9456e5f-0ef0-426d-9980-905af118d9ae;3,43;6220,180000;21349,650000;0,000000;-3,432300;0,000000;14231,030000;-5375,180000;8855,850000;01.09.2018
2018-09-05T11:08:00,000+0000;btcde;btceur;BtcdeGdaxProvideLiquidity;buy;E82HEH;2,74;5993,000000;-16409,000000;-66,170000;2,738000;2,738000;14231,030000;-5441,350000;8789,680000;05.09.2018
2018-09-05T11:09:00,000+0000;gdax;BTC-EUR;BtcdeGdaxProvideLiquidity;sell;3c69001f-5ee8-4e0f-834b-08e274d8d76e;2,74;6065,710000;16608,200000;0,000000;-2,738000;0,000000;14430,230000;-5441,350000;8988,880000;05.09.2018
2018-09-06T03:27:00,000+0000;btcde;btceur;BtcdeGdaxProvideLiquidity;buy;87XEHM;1,17;5464,000000;-6403,800000;-25,820000;1,172000;1,172000;14430,230000;-5467,170000;8963,060000;06.09.2018
2018-09-06T03:32:00,000+0000;gdax;BTC-EUR;BtcdeGdaxProvideLiquidity;sell;a2b6cd50-a74f-457d-bc50-015658b5e7e1;1,17;5521,290000;6470,940000;0,000000;-1,172000;0,000000;14497,370000;-5467,170000;9030,200000;06.09.2018
2018-09-07T10:26:00,000+0000;btcde;btceur;BtcdeGdaxProvideLiquidity;buy;76SXWY;0,37;5403,000000;-1983,000000;-8,000000;0,367000;0,367000;14497,370000;-5475,170000;9022,200000;07.09.2018
2018-09-07T10:29:00,000+0000;gdax;BTC-EUR;BtcdeGdaxProvideLiquidity;sell;bda6d609-6f91-4d46-bf4c-36527a66a32f;0,37;5467,000000;2006,610000;0,000000;-0,367000;0,000000;14520,980000;-5475,170000;9045,810000;07.09.2018
2018-09-07T10:33:00,000+0000;btcde;btceur;BtcdeGdaxProvideLiquidity;buy;VSVAMT;2,07;5411,000000;-11224,000000;-45,260000;2,074300;2,074300;14520,980000;-5520,430000;9000,550000;07.09.2018
2018-09-07T10:34:00,000+0000;gdax;BTC-EUR;BtcdeGdaxProvideLiquidity;sell;7535fa93-889f-43bc-92f7-4d8d7484030e;2,07;5473,170000;11352,840000;0,000000;-2,074300;0,000000;14649,820000;-5520,430000;9129,390000;07.09.2018
2018-09-08T19:36:00,000+0000;btcde;btceur;BtcdeGdaxProvideLiquidity;buy;KC4YFS;0,1;5330,000000;-529,000000;-2,130000;0,099200;0,099200;14649,820000;-5522,560000;9127,260000;08.09.2018
2018-09-08T19:37:00,000+0000;gdax;BTC-EUR;BtcdeGdaxProvideLiquidity;sell;ee40d144-7b6a-4102-94fc-e8eff43c19e9;0,1;5387,010000;534,390000;0,000000;-0,099200;0,000000;14655,210000;-5522,560000;9132,650000;08.09.2018
2018-09-18T14:25:00,000+0000;btcde;btceur;BtcdeGdaxProvideLiquidity;buy;29NYY7;1,98;5390,000000;-10694,000000;-43,120000;1,984000;1,984000;14655,210000;-5565,680000;9089,530000;18.09.2018
2018-09-18T14:35:00,000+0000;gdax;BTC-EUR;BtcdeGdaxProvideLiquidity;sell;3cf504e3-1797-4041-9ba5-1eec5eacfe66;1,98;5445,550000;10803,970000;0,000000;-1,984000;0,000000;14765,180000;-5565,680000;9199,500000;18.09.2018
2018-09-20T19:53:00,000+0000;btcde;btceur;BtcdeGdaxProvideLiquidity;buy;TTZ48U;3,97;5410,000000;-21467,000000;-86,560000;3,968000;3,968000;14765,180000;-5652,240000;9112,940000;20.09.2018
2018-09-20T19:56:00,000+0000;gdax;BTC-EUR;BtcdeGdaxProvideLiquidity;sell;7e99551a-6db9-4c1f-95e4-69f43fba51b0;3,97;5469,020000;21701,070000;0,000000;-3,968000;0,000000;14999,250000;-5652,240000;9347,010000;20.09.2018
2018-09-21T12:10:00,000+0000;btcde;btceur;BtcdeGdaxProvideLiquidity;buy;EGG5ME;1,49;5677,000000;-8447,400000;-34,060000;1,488000;1,488000;14999,250000;-5686,300000;9312,950000;21.09.2018
2018-09-21T12:42:00,000+0000;gdax;BTC-EUR;BtcdeGdaxProvideLiquidity;sell;01c664b1-3c75-42a3-b0b2-30b54ee23ed7;1,49;5736,010000;8535,180000;0,000000;-1,488000;0,000000;15087,030000;-5686,300000;9400,730000;21.09.2018
2018-09-22T21:04:00,000+0000;btcde;btceur;BtcdeGdaxProvideLiquidity;buy;7C2NAK;2,18;5658,000000;-12348,000000;-49,790000;2,182400;2,182400;15087,030000;-5736,090000;9350,940000;22.09.2018
2018-09-22T21:11:00,000+0000;gdax;BTC-EUR;BtcdeGdaxProvideLiquidity;sell;0f61f5fe-e489-4568-88ed-b33d56eb13cf;2,18;5720,020000;12483,370000;0,000000;-2,182400;0,000000;15222,400000;-5736,090000;9486,310000;22.09.2018
2018-09-22T21:43:00,000+0000;btcde;btceur;BtcdeGdaxProvideLiquidity;buy;URXEA5;0,05;5651,000000;-286,000000;-1,150000;0,050600;0,050600;15222,400000;-5737,240000;9485,160000;22.09.2018
2018-09-22T22:25:00,000+0000;gdax;BTC-EUR;BtcdeGdaxProvideLiquidity;sell;f755a264-e780-4320-be48-09aa4a97cee9;0,05;5708,170000;288,790000;0,000000;-0,050600;0,000000;15225,190000;-5737,240000;9487,950000;22.09.2018
2018-09-25T01:43:00,000+0000;btcde;btceur;BtcdeGdaxProvideLiquidity;buy;B5HCHA;0,99;5441,000000;-5397,000000;-21,760000;0,992000;0,992000;15225,190000;-5759,000000;9466,190000;25.09.2018
2018-09-25T03:12:00,000+0000;gdax;BTC-EUR;BtcdeGdaxProvideLiquidity;sell;16bafc9d-2cea-4599-86a0-7076b5304d18;0,99;5505,300000;5461,260000;0,000000;-0,992000;0,000000;15289,450000;-5759,000000;9530,450000;25.09.2018
2018-09-25T14:09:00,000+0000;btcde;btceur;BtcdeGdaxProvideLiquidity;buy;VPKGZM;3,97;5380,000000;-21348,000000;-86,080000;3,968000;3,968000;15289,450000;-5845,080000;9444,370000;25.09.2018
2018-09-25T14:10:00,000+0000;gdax;BTC-EUR;BtcdeGdaxProvideLiquidity;sell;a48e2d83-bae0-44e2-b08e-04f3d8003d69;3,97;5437,910000;21577,630000;0,000000;-3,968000;0,000000;15519,080000;-5845,080000;9674,000000;25.09.2018
2018-09-28T09:51:00,000+0000;btcde;btceur;BtcdeGdaxProvideLiquidity;buy;TXB79X;0,17;5652,000000;-976,100000;-3,940000;0,172700;0,172700;15519,080000;-5849,020000;9670,060000;28.09.2018
2018-09-28T09:54:00,000+0000;gdax;BTC-EUR;BtcdeGdaxProvideLiquidity;sell;ed4f7bee-f2eb-4885-8b6b-8461f98a7374;0,17;5714,420000;986,920000;0,000000;-0,172700;0,000000;15529,900000;-5849,020000;9680,880000;28.09.2018
2018-09-28T10:03:00,000+0000;btcde;btceur;BtcdeGdaxProvideLiquidity;buy;3QFH4P;3,97;5667,000000;-22487,000000;-90,670000;3,968000;3,968000;15529,900000;-5939,690000;9590,210000;28.09.2018
2018-09-28T10:22:00,000+0000;btcde;btceur;BtcdeGdaxProvideLiquidity;buy;RRWU4F;3,43;5668,000000;-19454,000000;-78,450000;3,432300;7,400300;15529,900000;-6018,140000;9511,760000;28.09.2018
2018-09-28T10:22:00,000+0000;gdax;BTC-EUR;BtcdeGdaxProvideLiquidity;sell;a74bcfc4-55e4-4a0f-b73f-d83d772665c3;3,97;5730,000000;22736,640000;0,000000;-3,968000;3,432300;15529,900000;-6018,140000;9511,760000;28.09.2018
2018-09-28T10:34:00,000+0000;gdax;BTC-EUR;BtcdeGdaxProvideLiquidity;sell;4c7407d6-c68b-48e3-b132-a1ee7a0a390c;3,43;5731,000000;19670,630000;0,000000;-3,432300;0,000000;15996,170000;-6018,140000;9978,030000;28.09.2018
2018-10-05T04:03:00,000+0000;btcde;btceur;BtcdeGdaxProvideLiquidity;buy;RPRKAU;0,35;5623,000000;-1952,000000;-7,870000;0,347200;0,347200;15996,170000;-6026,010000;9970,160000;05.10.2018
2018-10-05T04:38:00,000+0000;gdax;BTC-EUR;BtcdeGdaxProvideLiquidity;sell;fe985f3a-71a7-45e8-809f-d44293fb04e8;0,35;5688,630000;1975,090000;0,000000;-0,347200;0,000000;15996,170000;-6026,010000;9970,160000;05.10.2018
2018-10-09T06:32:00,000+0000;btcde;btceur;BtcdeGdaxProvideLiquidity;buy;M4PZG8;4,35;5700,000000;-24766,000000;-99,860000;4,345000;4,345000;15996,170000;-6125,870000;9870,300000;09.10.2018
2018-10-09T07:48:00,000+0000;gdax;BTC-EUR;BtcdeGdaxProvideLiquidity;sell;986c15be-d14e-4792-80c9-6396efeec21a;4,35;5769,030000;25066,200000;0,000000;-4,345000;0,000000;16319,460000;-6125,870000;10193,590000;09.10.2018
2018-10-10T21:06:00,000+0000;btcde;btceur;BtcdeGdaxProvideLiquidity;buy;8PUBNR;4,4;5627,130000;-24785,000000;-99,940000;4,404500;4,404500;16319,460000;-6225,810000;10093,650000;10.10.2018
2018-10-11T01:02:00,000+0000;gdax;BTC-EUR;BtcdeGdaxProvideLiquidity;sell;29fecb1f-a324-42a7-a42e-cb443bcb20f4;4,09;5611,730000;22974,590000;-68,920000;-4,094000;0,310500;16319,460000;-6294,730000;10024,730000;11.10.2018
2018-10-11T01:02:00,000+0000;gdax;BTC-EUR;BtcdeGdaxProvideLiquidity;sell;b9d5cb8e-ce2f-4a8c-91e1-3ed203596fb6;0,31;5685,010000;1764,920000;0,000000;-0,310500;0,000000;16319,460000;-6294,730000;10024,730000;11.10.2018
2018-10-11T02:00:00,000+0000;btcde;btceur;BtcdeGdaxProvideLiquidity;buy;Z4X2CP;1,08;5387,000000;-5792,600000;-23,360000;1,075300;1,075300;16319,460000;-6318,090000;10001,370000;11.10.2018
2018-10-11T02:07:00,000+0000;gdax;BTC-EUR;BtcdeGdaxProvideLiquidity;sell;60e0dd09-aba2-43f2-ad84-d009e7b16987;1,08;5359,990000;5763,750000;-17,290000;-1,075300;0,000000;16245,120000;-6335,380000;9909,740000;11.10.2018
2018-10-11T11:37:00,000+0000;btcde;btceur;BtcdeGdaxProvideLiquidity;buy;GU8TWF;1,31;5310,000000;-6952,900000;-28,040000;1,309400;1,309400;16245,120000;-6363,420000;9881,700000;11.10.2018
2018-10-11T11:40:00,000+0000;gdax;BTC-EUR;BtcdeGdaxProvideLiquidity;sell;25039c72-3d5a-4a28-909e-2fbb0cc07cfd;1,31;5368,000000;7029,070000;0,000000;-1,309400;0,000000;16321,290000;-6363,420000;9957,870000;11.10.2018
2018-10-15T05:32:00,000+0000;btcde;btceur;BtcdeGdaxProvideLiquidity;buy;G97TVP;3,09;5394,000000;-16682,000000;-67,270000;3,092700;3,092700;16321,290000;-6430,690000;9890,600000;15.10.2018
2018-10-15T05:42:00,000+0000;gdax;BTC-EUR;BtcdeGdaxProvideLiquidity;sell;0f4f541d-9618-492b-93d4-dfbc70a2b5b0;3,09;5456,510000;16875,610000;0,000000;-3,092700;0,000000;16514,900000;-6430,690000;10084,210000;15.10.2018
2018-10-15T05:46:00,000+0000;btcde;btceur;BtcdeGdaxProvideLiquidity;buy;8WUPGA;0,14;5470,000000;-740,100000;-2,990000;0,135300;0,135300;16514,900000;-6433,680000;10081,220000;15.10.2018
2018-10-15T05:46:00,000+0000;gdax;BTC-EUR;BtcdeGdaxProvideLiquidity;sell;618089ed-2452-4246-be91-5a86ec675734;0,14;5530,690000;748,500000;0,000000;-0,135300;0,000000;16514,900000;-6433,680000;10081,220000;15.10.2018
2018-10-15T07:11:00,000+0000;btcde;btceur;BtcdeGdaxProvideLiquidity;buy;KVRQWQ;1,7;5570,000000;-9457,300000;-38,130000;1,697900;1,697900;16514,900000;-6471,810000;10043,090000;15.10.2018
2018-10-15T07:15:00,000+0000;gdax;BTC-EUR;BtcdeGdaxProvideLiquidity;sell;e7bd56d9-330f-4fae-9407-64083e6851f9;1,7;5631,350000;9561,460000;0,000000;-1,697900;0,000000;16514,900000;-6471,810000;10043,090000;15.10.2018
2018-10-15T07:28:00,000+0000;btcde;btceur;BtcdeGdaxProvideLiquidity;buy;MQPPAD;4,48;5523,000000;-24764,000000;-99,860000;4,483800;4,483800;16514,900000;-6571,670000;9943,230000;15.10.2018
2018-10-15T07:35:00,000+0000;gdax;BTC-EUR;BtcdeGdaxProvideLiquidity;sell;9ce564da-a781-4288-880a-b19e9d42821e;4,48;5591,010000;25069,190000;0,000000;-4,483800;0,000000;16932,650000;-6571,670000;10360,980000;15.10.2018
2018-10-21T19:05:00,000+0000;btcde;btceur;BtcdeGdaxProvideLiquidity;buy;K8NZS3;0,3;5550,000000;-1690,000000;-6,820000;0,304500;0,304500;16932,650000;-6578,490000;10354,160000;21.10.2018
2018-10-21T19:15:00,000+0000;gdax;BTC-EUR;BtcdeGdaxProvideLiquidity;sell;4801a9ca-c076-4604-a99b-a4e1b9fa29ce;0,3;5613,280000;1709,410000;0,000000;-0,304500;0,000000;16932,650000;-6578,490000;10354,160000;21.10.2018
2018-10-31T21:23:00,000+0000;btcde;btceur;BtcdeGdaxProvideLiquidity;buy;7D4ZTG;0,21;5524,000000;-1183,000000;-4,770000;0,214100;0,214100;16932,650000;-6583,260000;10349,390000;31.10.2018
2018-10-31T21:38:00,000+0000;gdax;BTC-EUR;BtcdeGdaxProvideLiquidity;sell;d34821d4-3529-4551-a9c6-a5fa55c3beec;0,21;5587,010000;1196,000000;0,000000;-0,214100;0,000000;16932,650000;-6583,260000;10349,390000;31.10.2018
2018-11-04T13:29:00,000+0000;btcde;btceur;BtcdeGdaxProvideLiquidity;buy;87UUTH;0,99;5525,000000;-5481,000000;-22,100000;0,992000;0,992000;16932,650000;-6605,360000;10327,290000;04.11.2018
2018-11-04T15:53:00,000+0000;gdax;BTC-EUR;BtcdeGdaxProvideLiquidity;sell;e3f82af2-9420-4a63-b408-72fe24686a9d;0,99;5587,000000;5542,300000;0,000000;-0,992000;0,000000;16932,650000;-6605,360000;10327,290000;04.11.2018
2018-11-14T17:44:00,000+0000;btcde;btceur;BtcdeGdaxProvideLiquidity;buy;ME2AF7;4,46;5055,000000;-22566,000000;-90,990000;4,464000;4,464000;16932,650000;-6696,350000;10236,300000;14.11.2018
2018-11-14T17:45:00,000+0000;gdax;BTC-EUR;BtcdeGdaxProvideLiquidity;sell;4e276f2e-ee59-4f86-91e7-5c9bb59c5ecc;4,46;5117,410000;22844,120000;0,000000;-4,464000;0,000000;17304,480000;-6696,350000;10608,130000;14.11.2018
2018-11-14T17:50:00,000+0000;btcde;btceur;BtcdeGdaxProvideLiquidity;buy;G3R3Y3;2,41;5127,000000;-12359,000000;-49,830000;2,410600;2,410600;17304,480000;-6746,180000;10558,300000;14.11.2018
2018-11-14T17:54:00,000+0000;gdax;BTC-EUR;BtcdeGdaxProvideLiquidity;sell;96c75df1-38a2-47a0-a385-d8f53cd046e9;2,41;5184,040000;12496,440000;0,000000;-2,410600;0,000000;17441,920000;-6746,180000;10695,740000;14.11.2018
2018-11-15T16:22:00,000+0000;btcde;btceur;BtcdeGdaxProvideLiquidity;buy;MB8BZK;3,97;4785,000000;-18987,000000;-76,560000;3,968000;3,968000;17441,920000;-6822,740000;10619,180000;15.11.2018
2018-11-15T16:24:00,000+0000;gdax;BTC-EUR;BtcdeGdaxProvideLiquidity;sell;67648494-730d-4a52-a051-b95c478ec74c;3,97;4847,700000;19235,670000;0,000000;-3,968000;0,000000;17690,590000;-6822,740000;10867,850000;15.11.2018
2018-11-19T05:50:00,000+0000;btcde;btceur;BtcdeGdaxProvideLiquidity;buy;NRSV3M;5,19;4667,000000;-24213,000000;-97,630000;5,188200;5,188200;17690,590000;-6920,370000;10770,220000;19.11.2018
2018-11-19T05:53:00,000+0000;gdax;BTC-EUR;BtcdeGdaxProvideLiquidity;sell;03c07d6e-e208-49cb-91fe-96c60163714a;5,19;4718,670000;24481,210000;0,000000;-5,188200;0,000000;17958,800000;-6920,370000;11038,430000;19.11.2018
2018-11-19T10:07:00,000+0000;btcde;btceur;BtcdeGdaxProvideLiquidity;buy;H9H6Q6;1,09;4589,000000;-5007,500000;-20,190000;1,091200;1,091200;17958,800000;-6940,560000;11018,240000;19.11.2018
2018-11-19T10:54:00,000+0000;gdax;BTC-EUR;BtcdeGdaxProvideLiquidity;sell;25de0272-5755-4af1-b313-4ab11c25c511;1,09;4640,860000;5064,110000;0,000000;-1,091200;0,000000;17958,800000;-6940,560000;11018,240000;19.11.2018
2018-11-19T10:57:00,000+0000;btcde;btceur;BtcdeGdaxProvideLiquidity;buy;ZRTSAC;2,15;4588,000000;-9876,100000;-39,820000;2,152600;2,152600;17958,800000;-6980,380000;10978,420000;19.11.2018
2018-11-19T12:41:00,000+0000;gdax;BTC-EUR;BtcdeGdaxProvideLiquidity;sell;40a4d036-ad49-49a2-a178-f6de2295737e;2,15;4566,940000;9830,980000;-29,490000;-2,152600;0,000000;17970,290000;-7009,870000;10960,420000;19.11.2018
2018-11-19T20:25:00,000+0000;btcde;btceur;BtcdeGdaxProvideLiquidity;buy;XHXZR7;0,99;4240,000000;-4206,000000;-16,960000;0,992000;0,992000;17970,290000;-7026,830000;10943,460000;19.11.2018
2018-11-19T20:26:00,000+0000;gdax;BTC-EUR;BtcdeGdaxProvideLiquidity;sell;6c87d52e-319a-4be9-b1c8-c41edc7b33b1;0,99;4334,320000;4299,650000;0,000000;-0,992000;0,000000;17970,290000;-7026,830000;10943,460000;19.11.2018
2018-11-19T20:31:00,000+0000;btcde;btceur;BtcdeGdaxProvideLiquidity;buy;XVY736;0,1;4226,000000;-415,000000;-1,670000;0,098200;0,098200;17970,290000;-7028,500000;10941,790000;19.11.2018
2018-11-19T20:32:00,000+0000;gdax;BTC-EUR;BtcdeGdaxProvideLiquidity;sell;2cdc17ea-caa1-415f-95f8-233cfc2ebe9d;0,1;4331,020000;425,340000;0,000000;-0,098200;0,000000;17970,290000;-7028,500000;10941,790000;19.11.2018
2018-11-19T21:16:00,000+0000;btcde;btceur;BtcdeGdaxProvideLiquidity;buy;G22Y5B;4,56;4146,000000;-18919,000000;-76,290000;4,563200;4,563200;17970,290000;-7104,790000;10865,500000;19.11.2018
2018-11-19T21:18:00,000+0000;gdax;BTC-EUR;BtcdeGdaxProvideLiquidity;sell;b6a60e63-cb67-456a-b234-2c852e901a98;4,56;4236,900000;19333,820000;0,000000;-4,563200;0,000000;18489,100000;-7104,790000;11384,310000;19.11.2018
2018-11-20T18:39:00,000+0000;btcde;btceur;BtcdeGdaxProvideLiquidity;buy;VNRENU;6,34;3906,500000;-24763,000000;-99,850000;6,338900;6,338900;18489,100000;-7204,640000;11284,460000;20.11.2018
2018-11-20T18:47:00,000+0000;gdax;BTC-EUR;BtcdeGdaxProvideLiquidity;sell;8beb8b14-3a76-4d2d-9ea2-c2946cb82dbb;6,34;3974,520000;25194,010000;0,000000;-6,338900;0,000000;18920,110000;-7204,640000;11715,470000;20.11.2018
2018-11-20T20:28:00,000+0000;btcde;btceur;BtcdeGdaxProvideLiquidity;buy;CNBF57;0,37;3603,220000;-1316,000000;-5,300000;0,365100;0,365100;18920,110000;-7209,940000;11710,170000;20.11.2018
2018-11-20T20:28:00,000+0000;gdax;BTC-EUR;BtcdeGdaxProvideLiquidity;sell;c2c3f069-e65b-456f-93a9-973961354053;0,37;3678,660000;1343,120000;0,000000;-0,365100;0,000000;18920,110000;-7209,940000;11710,170000;20.11.2018
2018-11-20T20:37:00,000+0000;btcde;btceur;BtcdeGdaxProvideLiquidity;buy;THNCA4;0,51;3623,000000;-1850,000000;-7,460000;0,510500;0,510500;18920,110000;-7217,400000;11702,710000;20.11.2018
2018-11-20T20:41:00,000+0000;gdax;BTC-EUR;BtcdeGdaxProvideLiquidity;sell;7180507a-7f27-4d72-9610-2cfa74b49347;0,51;3686,180000;1881,690000;0,000000;-0,510500;0,000000;18920,110000;-7217,400000;11702,710000;20.11.2018
2018-11-20T21:04:00,000+0000;btcde;btceur;BtcdeGdaxProvideLiquidity;buy;UDPPMH;1,28;3675,000000;-4702,900000;-18,960000;1,279700;1,279700;18920,110000;-7236,360000;11683,750000;20.11.2018
2018-11-20T21:06:00,000+0000;gdax;BTC-EUR;BtcdeGdaxProvideLiquidity;sell;3c754361-4d8c-4cc5-a56d-712aa6a560af;1,28;3737,240000;4782,470000;0,000000;-1,279700;0,000000;18920,110000;-7236,360000;11683,750000;20.11.2018
2018-11-22T14:32:00,000+0000;btcde;btceur;BtcdeGdaxProvideLiquidity;buy;HRUSNW;3,97;3844,000000;-15253,000000;-61,500000;3,968000;3,968000;18920,110000;-7297,860000;11622,250000;22.11.2018
2018-11-22T15:03:00,000+0000;gdax;BTC-EUR;BtcdeGdaxProvideLiquidity;sell;a5bcfdec-30c4-4812-88f1-c97ce2527d30;3,97;3923,100000;15566,860000;0,000000;-3,968000;0,000000;19372,350000;-7297,860000;12074,490000;22.11.2018
2018-11-23T11:09:00,000+0000;btcde;btceur;BtcdeGdaxProvideLiquidity;buy;8XEW24;2,3;3704,000000;-8534,800000;-34,410000;2,304200;2,304200;19372,350000;-7332,270000;12040,080000;23.11.2018
2018-11-23T11:59:00,000+0000;gdax;BTC-EUR;BtcdeGdaxProvideLiquidity;sell;dd3f0215-0199-4ec7-b61c-49d2fbed7e11;2,3;3778,170000;8705,630000;0,000000;-2,304200;0,000000;19543,180000;-7332,270000;12210,910000;23.11.2018
2018-11-30T10:16:00,000+0000;btcde;btceur;BtcdeGdaxProvideLiquidity;buy;X9NK42;2,91;3520,000000;-10236,000000;-41,270000;2,908000;2,908000;19543,180000;-7373,540000;12169,640000;30.11.2018
2018-11-30T10:18:00,000+0000;gdax;BTC-EUR;BtcdeGdaxProvideLiquidity;sell;03ff5fb8-f8e3-4bbc-854e-d222c82b00a0;2,91;3591,600000;10444,250000;0,000000;-2,908000;0,000000;19751,430000;-7373,540000;12377,890000;30.11.2018
2018-12-12T08:45:00,000+0000;btcde;btceur;BtcdeGdaxProvideLiquidity;buy;CX4FU7;6,94;2938,000000;-20401,000000;-82,260000;6,944000;6,944000;19751,430000;-7455,800000;12295,630000;12.12.2018
2018-12-12T09:09:00,000+0000;gdax;BTC-EUR;BtcdeGdaxProvideLiquidity;sell;b687c994-6ab9-4041-87b9-e15f5bbbffcc;6,94;2986,010000;20734,850000;0,000000;-6,944000;0,000000;20085,280000;-7455,800000;12629,480000;12.12.2018
2018-12-17T12:15:00,000+0000;btcde;btceur;BtcdeGdaxProvideLiquidity;buy;YYKAH2;0,18;2914,000000;-516,100000;-2,080000;0,177100;0,177100;20085,280000;-7457,880000;12627,400000;17.12.2018
2018-12-17T12:17:00,000+0000;gdax;BTC-EUR;BtcdeGdaxProvideLiquidity;sell;8bac8655-b319-47e8-8d99-94fca34fdbdf;0,18;2972,430000;526,380000;0,000000;-0,177100;0,000000;20085,280000;-7457,880000;12627,400000;17.12.2018
2018-12-19T11:21:00,000+0000;btcde;btceur;BtcdeGdaxProvideLiquidity;buy;CYHGAC;0,51;3359,000000;-1705,000000;-6,880000;0,507600;0,507600;20085,280000;-7464,760000;12620,520000;19.12.2018
2018-12-19T11:22:00,000+0000;gdax;BTC-EUR;BtcdeGdaxProvideLiquidity;sell;ddfa30d4-a6a6-409d-ac22-42912981e7a7;0,51;3421,010000;1736,550000;0,000000;-0,507600;0,000000;20085,280000;-7464,760000;12620,520000;19.12.2018
2018-12-19T11:43:00,000+0000;btcde;btceur;BtcdeGdaxProvideLiquidity;buy;7HRBY4;1,56;3391,000000;-5289,600000;-21,330000;1,559900;1,559900;20085,280000;-7486,090000;12599,190000;19.12.2018
2018-12-19T11:46:00,000+0000;btcde;btceur;BtcdeGdaxProvideLiquidity;buy;VEQQEN;4,96;3391,000000;-16819,000000;-67,820000;4,960000;6,519900;20085,280000;-7553,910000;12531,370000;19.12.2018
2018-12-19T11:46:00,000+0000;gdax;BTC-EUR;BtcdeGdaxProvideLiquidity;sell;bd2ebf00-fe0a-46a8-ad7f-734b7a229fef;1,56;3460,050000;5397,190000;0,000000;-1,559900;4,960000;20085,280000;-7553,910000;12531,370000;19.12.2018
2018-12-19T11:47:00,000+0000;gdax;BTC-EUR;BtcdeGdaxProvideLiquidity;sell;6af94635-3e4a-4e5a-a5bd-2bd3b4e01420;4,96;3460,070000;17161,950000;0,000000;-4,960000;0,000000;20577,650000;-7553,910000;13023,740000;19.12.2018
2018-12-19T11:50:00,000+0000;btcde;btceur;BtcdeGdaxProvideLiquidity;buy;ENRCXP;0,58;3399,000000;-1956,000000;-7,890000;0,575400;0,575400;20577,650000;-7561,800000;13015,850000;19.12.2018
2018-12-19T11:50:00,000+0000;gdax;BTC-EUR;BtcdeGdaxProvideLiquidity;sell;11f26874-2b1a-4906-895e-8c1cd09be9cd;0,58;3484,010000;2004,560000;0,000000;-0,575400;0,000000;20577,650000;-7561,800000;13015,850000;19.12.2018
2018-12-27T22:44:00,000+0000;btcde;btceur;BtcdeGdaxProvideLiquidity;buy;N8BZ56;7,72;3105,000000;-23964,000000;-96,630000;7,717800;7,717800;20577,650000;-7658,430000;12919,220000;27.12.2018
2018-12-28T00:02:00,000+0000;gdax;BTC-EUR;BtcdeGdaxProvideLiquidity;sell;ac820483-f7ee-4264-b600-d6fe7fee8c19;7,72;3159,020000;24380,560000;0,000000;-7,717800;0,000000;21042,770000;-7658,430000;13384,340000;28.12.2018
2019-01-10T16:14:00,000+0000;btcde;btceur;BtcdeGdaxProvideLiquidity;buy;D8VH3F;7,73;3107,000000;-24010,000000;-96,810000;7,727700;7,727700;21042,770000;-7755,240000;13287,530000;10.01.2019
2019-01-10T16:17:00,000+0000;gdax;BTC-EUR;BtcdeGdaxProvideLiquidity;sell;542c5b04-4585-45ac-b847-e309554ab4b4;7,73;3170,010000;24496,820000;0,000000;-7,727700;0,000000;21529,590000;-7755,240000;13774,350000;10.01.2019
2019-01-14T18:51:00,000+0000;btcde;btceur;BtcdeGdaxProvideLiquidity;buy;97UCEH;0,6;3161,000000;-1881,000000;-7,590000;0,595200;0,595200;21529,590000;-7762,830000;13766,760000;14.01.2019
2019-01-14T19:30:00,000+0000;gdax;BTC-EUR;BtcdeGdaxProvideLiquidity;sell;ae2f0ac7-2ce9-435c-8b1f-5ee880a50336;0,6;3225,010000;1919,530000;0,000000;-0,595200;0,000000;21568,120000;-7762,830000;13805,290000;14.01.2019
